NULL,ACTN,Air Force One,B,,124,Air Force One.jpg,42,NULL,NULL
NULL,DRAMA,Any Given Sunday,B,Directors Cut,157,Any Given Sunday.jpg,37,NULL,NULL
NULL,ACTN,Arn: Knight Templar,B,,130,Arn - Knight Templar.jpg,31,NULL,NULL
NULL,SCIFI,Battle: Los Angeles,B,,116,Battle - Los Angeles.jpg,29,NULL,NULL
NULL,WAR,Battle of Britain,B,,131,Battle of Britain.jpg,34,NULL,NULL
NULL,WAR,Behind Enemy Lines,B,,101,Behind Enemy Lines.jpg,37,NULL,NULL
NULL,HIST,Black Death,B,,101,Black Death.jpg,33,NULL,NULL
NULL,ACTN,Blade,B,,120,Blade.jpg,24,NULL,NULL
NULL,ACTN,Broken Arrow,B,,104,Broken Arrow.jpg,18,NULL,NULL
NULL,HIST,Centurion,B,,93,Centurion.jpg,0,NULL,NULL
NULL,THRIL,Cliffhanger,B,,109,Cliffhanger.jpg,0,NULL,NULL
NULL,ACTN,Con Air,B,,115,Con Air.jpg,0,NULL,NULL
NULL,DRAMA,Contact,B,,149,Contact.jpg,0,NULL,NULL
NULL,DRAMA,Contagion,B,,106,Contagion.jpg,0,NULL,NULL
NULL,THRIL,Elysium,B,,109,Elysium.jpg,0,NULL,NULL
NULL,DRAMA,Ex_Machina,B,,108,Ex_Machina.jpg,0,NULL,NULL
NULL,ACTN,Flight,B,,138,Flight.jpg,0,NULL,NULL
NULL,HORR,From Dusk till Dawn,B,,108,From Dusk till Dawn.jpg,0,NULL,NULL
NULL,ACTN,Glory,B,,122,Glory.jpg,0,NULL,NULL
NULL,ACTN,Godzilla,B,,139,Godzilla.jpg,0,NULL,NULL
NULL,DRAMA,Gone Baby Gone,B,,114,Gone Baby Gone.jpg,0,NULL,NULL
NULL,DRAMA,Good Will Hunting,B,,126,Good Will Hunting.jpg,0,NULL,NULL
NULL,WAR,Hamburger Hill,B,,110,Hamburger Hill.jpg,0,NULL,NULL
NULL,WAR,Heatbreak Ridge,B,,130,Heatbreak Ridge.jpg,0,NULL,NULL
NULL,ACTN,Highlander,B,Immortal Edition,117,Highlander.jpg,0,NULL,NULL
NULL,COMDY,Horrible Bosses,B,Totally Inappropriate Edition,98,Horrible Bosses.jpg,0,NULL,NULL
NULL,HORR,I am Legend,B,,104,I am Legend.jpg,0,NULL,NULL
NULL,THRIL,In the Line of Fire,B,,128,In the Line of Fire.jpg,0,NULL,NULL
NULL,DRAMA,In the Valley of Elah,B,,121,In the Valley of Elah.jpg,0,NULL,NULL
NULL,HIST,Ironclad,B,,121,Ironclad.jpg,0,NULL,NULL
NULL,THRIL,Jack Ryan: Shadow Recruit,B,,106,Jack Ryan: Shadow Recruit.jpg,0,NULL,NULL
NULL,WAR,Katyn,B,,118,Katyn.jpg,0,NULL,NULL
NULL,WAR,Lebanon,B,,90,Lebanon.jpg,0,NULL,NULL
NULL,ACTN,Live Die Repeat,B,,113,Live Die Repeat.jpg,0,NULL,NULL
NULL,DRAMA,Malcolm X,B,,161,Malcolm X.jpg,0,NULL,NULL
NULL,COMDY,Mallrats,B,,95,Mallrats.jpg,0,NULL,NULL
NULL,COMDY,Mars Attacks,B,,106,Mars Attacks.jpg,0,NULL,NULL
NULL,DRAMA,Memento,B,,109,Memento.jpg,0,NULL,NULL
NULL,DRAMA,Milk,B,,128,Milk.jpg,0,NULL,NULL
NULL,COMDY,My Cousin Vinny,B,,119,My Cousin Vinny.jpg,0,NULL,NULL
NULL,DRAMA,Mystic River,B,,138,Mystic River.jpg,0,NULL,NULL
NULL,ACTN,Nikita,B,,117,Nikita.jpg,0,NULL,NULL
NULL,HIST,Noah,B,,138,Noah.jpg,0,NULL,NULL
NULL,SCIFI,Oblivion,B,,125,Oblivion.jpg,0,NULL,NULL
NULL,ACTN,Olympus Has Fallen,B,,119,Olympus Has Fallen.jpg,0,NULL,NULL
NULL,COMDY,Paul,B,,104,Paul.jpg,0,NULL,NULL
NULL,THRIL,Payback,B,,97,Payback.jpg,0,NULL,NULL
NULL,DRAMA,Perriers Bounty,B,,88,Perrier.jpgs Bounty.jpg,0,NULL,NULL
NULL,DRAMA,Phonebooth,B,,77,Phonebooth.jpg,0,NULL,NULL
NULL,THRIL,Point Break,B,,122,Point Break.jpg,0,NULL,NULL
NULL,ACTN,Pompeii,B,,104,Pompeii.jpg,0,NULL,NULL
NULL,SCIFI,Predator,B,,107,Predator.jpg,0,NULL,NULL
NULL,ACTN,Red,B,,107,Red.jpg,0,NULL,NULL
NULL,ACTN,Red Heat,B,,105,Red Heat.jpg,0,NULL,NULL
NULL,HORR,Red State,B,,85,Red State.jpg,0,NULL,NULL
NULL,THRIL,Rise of the Planet of the Apes,B,,100,Rise of the Planet of the Apes.jpg,0,NULL,NULL
NULL,HIST,Rob Roy,B,,139,Rob Roy.jpg,0,NULL,NULL
NULL,ADVNT,Romancing the Stone,B,,105,Romancing the Stone.jpg,0,NULL,NULL
NULL,SCIFI,Serenity,B,,119,Serenity.jpg,0,NULL,NULL
NULL,THRIL,Shooter,B,,126,Shooter.jpg,0,NULL,NULL
NULL,WAR,Special Forces,B,,108,Special Forces.jpg,0,NULL,NULL
NULL,SCIFI,Stargate,B,,126,Stargate.jpg,0,NULL,NULL
NULL,COMDY,Step Brothers,B,Extended Edition,105,Step Brothers.jpg,0,NULL,NULL
NULL,ACTN,Tango and Cash,B,,104,Tango and Cash.jpg,0,NULL,NULL
NULL,DRAMA,Taxi Driver,B,35th Anniversary Edition,114,Taxi Driver.jpg,0,NULL,NULL
NULL,WAR,The Army of Crime,B,,139,The Army of Crime.jpg,0,NULL,NULL
NULL,ACTN,The A-Team,B,Explosive Extended Edition,128,The A-Team.jpg,0,NULL,NULL
NULL,DRAMA,The Aviator,B,,170,The Aviator.jpg,0,NULL,NULL
NULL,DRAMA,The Big Lebowski,B,,97,The Big Lebowski.jpg,0,NULL,NULL
NULL,DRAMA,The Book Thief,B,,125,The Book Thief.jpg,0,NULL,NULL
NULL,ACTN,The Bourne Legacy,B,,135,The Bourne Legacy.jpg,0,NULL,NULL
NULL,DRAMA,The Boy in the Striped Pyjamas,B,,94,The Boy in the Striped Pyjamas.jpg,0,NULL,NULL
NULL,THRIL,The Boys from Brazil,B,,118,The Boys from Brazil.jpg,0,NULL,NULL
NULL,DRAMA,The Damned United,B,,98,The Damned United.jpg,0,NULL,NULL
NULL,ACTN,The Day after Tomorrow,B,,118,The Day after Tomorrow.jpg,0,NULL,NULL
NULL,HIST,The Eagle,B,,114,The Eagle.jpg,0,NULL,NULL
NULL,ACTN,The Expendables,B,Uncut Version,103,The Expendables.jpg,0,NULL,NULL
NULL,DRAMA,The Grand Budapest hotel,B,,95,The Grand Budapest hotel.jpg,0,NULL,NULL
NULL,DRAMA,The Guard,B,,92,The Guard.jpg,0,NULL,NULL
NULL,THRIL,The Island,B,,136,The Island.jpg,0,NULL,NULL
NULL,ADVNT,The Jewel of the Nile,B,,101,The Jewel of the Nile.jpg,0,NULL,NULL
NULL,ACTN,The Last Boy Scout,B,,105,The Last Boy Scout.jpg,0,NULL,NULL
NULL,DRAMA,The Lincoln Lawyer,B,,118,The Lincoln Lawyer.jpg,0,NULL,NULL
NULL,WAR,The Monuments Men,B,,113,The Monuments Men.jpg,0,NULL,NULL
NULL,THRIL,The Negotiator,B,,139,The Negotiator.jpg,0,NULL,NULL
NULL,COMDY,The Other Guys,B,,107,The Other Guys.jpg,0,NULL,NULL
NULL,COMDY,The Proposal,B,,108,The Proposal.jpg,0,NULL,NULL
NULL,ACTN,The Quick and the Dead,B,,107,The Quick and the Dead.jpg,0,NULL,NULL
NULL,THRIL,The Siege,B,,116,The Siege.jpg,0,NULL,NULL
NULL,THRIL,The Sixth Sense,B,,107,The Sixth Sense.jpg,0,NULL,NULL
NULL,ACTN,The Towering Inferno,B,,165,The Towering Inferno.jpg,0,NULL,NULL
NULL,DRAMA,The Truman Show,B,,163,The Truman Show.jpg,0,NULL,NULL
NULL,SCIFI,The X-Files - Fight the Future,B,,122,The X-Files - Fight the Future.jpg,0,NULL,NULL
NULL,SCIFI,The X-Files - I Want to Believe,B,,103,The X-Files - I Want to Believe.jpg,0,NULL,NULL
NULL,WAR,Three Kings,B,,115,Three Kings.jpg,0,NULL,NULL
NULL,THRIL,Twelve Monkeys,B,,130,Twelve Monkeys.jpg,0,NULL,NULL
NULL,DISAS,Twister,B,,102,Twister.jpg,0,NULL,NULL
NULL,WAR,U-571,B,,109,U-571.jpg,0,NULL,NULL
NULL,THRIL,Wantage Point,B,,90,Wantage Point.jpg,0,NULL,NULL
NULL,ACTN,War of the Worlds,B,,116,War of the Worlds.jpg,0,NULL,NULL
NULL,ACTN,White House Down,B,,131,White House Down.jpg,0,NULL,NULL
NULL,WAR,Winter in Wartime,B,,103,Winter in Wartime.jpg,0,NULL,NULL
NULL,HORR,World War Z,B,,123,World War Z.jpg,0,NULL,NULL
